/tuba/GSol2w0QnJE.wav,/tuba/GSol2w0QnJE.mp4,464
/clarinet/iHQIK5JM3Xo.wav,/clarinet/iHQIK5JM3Xo.mp4,889
/cello/DPSLdZBaQTM.wav,/cello/DPSLdZBaQTM.mp4,1742
/accordion/nQpXK7PS-oo.wav,/accordion/nQpXK7PS-oo.mp4,607
/saxophone/EIpvnh0otts.wav,/saxophone/EIpvnh0otts.mp4,1206
/cello/-_-TDDxoaAc.wav,/cello/-_-TDDxoaAc.mp4,1737
/accordion/bq5utI8KK_8.wav,/accordion/bq5utI8KK_8.mp4,868
/flute/j0U_hqIH_XM.wav,/flute/j0U_hqIH_XM.mp4,1178
/trumpet/VQR_CcRrZA0.wav,/trumpet/VQR_CcRrZA0.mp4,150
/erhu/MJgy2-QJxmE.wav,/erhu/MJgy2-QJxmE.mp4,357
/saxophone/OufpA4FV1Tc.wav,/saxophone/OufpA4FV1Tc.mp4,1067
/xylophone/OZDN7VkC6AY.wav,/xylophone/OZDN7VkC6AY.mp4,1405
/violin/w81p5ty4OZc.wav,/violin/w81p5ty4OZc.mp4,1035
/accordion/QaOUijKCqZU.wav,/accordion/QaOUijKCqZU.mp4,965
/xylophone/qLLwSb9YX5g.wav,/xylophone/qLLwSb9YX5g.mp4,261
/acoustic_guitar/2lJh-6TYdX8.wav,/acoustic_guitar/2lJh-6TYdX8.mp4,766
/xylophone/6I846oP0E7Q.wav,/xylophone/6I846oP0E7Q.mp4,1567
/clarinet/5HNlS9UFELE.wav,/clarinet/5HNlS9UFELE.mp4,351
/cello/2R12lQszz90.wav,/cello/2R12lQszz90.mp4,1178
/trumpet/ZuJEVqon3lM.wav,/trumpet/ZuJEVqon3lM.mp4,487
/clarinet/P5nnnybNQ_o.wav,/clarinet/P5nnnybNQ_o.mp4,723
/xylophone/L_ErwglZCJM.wav,/xylophone/L_ErwglZCJM.mp4,537
/clarinet/W9ZICrM6V-s.wav,/clarinet/W9ZICrM6V-s.mp4,365
/saxophone/uPkGEtn5jxE.wav,/saxophone/uPkGEtn5jxE.mp4,1496
/accordion/KC2RgtW4IZ0.wav,/accordion/KC2RgtW4IZ0.mp4,568
/flute/LKVxvHeb8hs.wav,/flute/LKVxvHeb8hs.mp4,770
/accordion/ADxyFxpe1ls.wav,/accordion/ADxyFxpe1ls.mp4,1732
/acoustic_guitar/HPyM9xzrih0.wav,/acoustic_guitar/HPyM9xzrih0.mp4,1066
/trumpet/8jxZMGYbQIw.wav,/trumpet/8jxZMGYbQIw.mp4,620
/clarinet/2D5nT67CIRw.wav,/clarinet/2D5nT67CIRw.mp4,897
/erhu/AlYZ7nWkzcQ.wav,/erhu/AlYZ7nWkzcQ.mp4,344
/cello/CSKOEhh5nBk.wav,/cello/CSKOEhh5nBk.mp4,1417
/acoustic_guitar/YwDABKyGY_g.wav,/acoustic_guitar/YwDABKyGY_g.mp4,737
/tuba/ASUUqMvTdjg.wav,/tuba/ASUUqMvTdjg.mp4,316
/saxophone/lm51ySOO71o.wav,/saxophone/lm51ySOO71o.mp4,639
/flute/cTO_2R81fdY.wav,/flute/cTO_2R81fdY.mp4,714
/clarinet/0OrLdMPOyos.wav,/clarinet/0OrLdMPOyos.mp4,453
/tuba/6pkShdDe9LU.wav,/tuba/6pkShdDe9LU.mp4,168
/xylophone/Jtq-HDS3Zdc.wav,/xylophone/Jtq-HDS3Zdc.mp4,692
/tuba/LUZf782HzNo.wav,/tuba/LUZf782HzNo.mp4,1292
/acoustic_guitar/Czn6lg--pRw.wav,/acoustic_guitar/Czn6lg--pRw.mp4,1588
/saxophone/tGG2P7mjuqQ.wav,/saxophone/tGG2P7mjuqQ.mp4,406
/xylophone/GF-3c8hBi9I.wav,/xylophone/GF-3c8hBi9I.mp4,1538
/tuba/DVrCy36Uigo.wav,/tuba/DVrCy36Uigo.mp4,941
/tuba/4lVuJEIaXgo.wav,/tuba/4lVuJEIaXgo.mp4,490
/accordion/yy2vL2RUiPI.wav,/accordion/yy2vL2RUiPI.mp4,896
/clarinet/IZx6ZXWuOGY.wav,/clarinet/IZx6ZXWuOGY.mp4,958
/trumpet/PYjwNew61XQ.wav,/trumpet/PYjwNew61XQ.mp4,930
/cello/D1DjJqqK5Rw.wav,/cello/D1DjJqqK5Rw.mp4,1912
/acoustic_guitar/86hnEemgPPw.wav,/acoustic_guitar/86hnEemgPPw.mp4,1698
/flute/E7E1kMExVcg.wav,/flute/E7E1kMExVcg.mp4,747
/xylophone/5p7L6Ufypuk.wav,/xylophone/5p7L6Ufypuk.mp4,172
/tuba/SDR39fhyZRI.wav,/tuba/SDR39fhyZRI.mp4,834
/cello/PEyIPSlJNQM.wav,/cello/PEyIPSlJNQM.mp4,1288
/trumpet/nKc4srJBgYU.wav,/trumpet/nKc4srJBgYU.mp4,371
/violin/XlvlHfWjKx4.wav,/violin/XlvlHfWjKx4.mp4,1344
/tuba/WSRAO6abxog.wav,/tuba/WSRAO6abxog.mp4,683
/tuba/S9ES30JJTZc.wav,/tuba/S9ES30JJTZc.mp4,490
/erhu/-7l7M6vMm1k.wav,/erhu/-7l7M6vMm1k.mp4,722
/erhu/I5IYfx7ontI.wav,/erhu/I5IYfx7ontI.mp4,1389
/accordion/PohzBumrY2Q.wav,/accordion/PohzBumrY2Q.mp4,1607
/tuba/5Ru90VkovhM.wav,/tuba/5Ru90VkovhM.mp4,1013
/violin/P4KxMdjna0k.wav,/violin/P4KxMdjna0k.mp4,946
/erhu/JEDgAVcR_yE.wav,/erhu/JEDgAVcR_yE.mp4,316
/trumpet/ds0ayqYweAc.wav,/trumpet/ds0ayqYweAc.mp4,265
/flute/3-zT9mN8Lio.wav,/flute/3-zT9mN8Lio.mp4,507
/cello/VYkZb7F4zKo.wav,/cello/VYkZb7F4zKo.mp4,1355
/tuba/VA1EolcDwZI.wav,/tuba/VA1EolcDwZI.mp4,634
/erhu/YLTpkQqX_ek.wav,/erhu/YLTpkQqX_ek.mp4,594
/trumpet/ufsSRKgUb6g.wav,/trumpet/ufsSRKgUb6g.mp4,182
/acoustic_guitar/XYizxH7yAqA.wav,/acoustic_guitar/XYizxH7yAqA.mp4,859
/violin/VtZXRWtp5G0.wav,/violin/VtZXRWtp5G0.mp4,518
/trumpet/eBoCeQtoFtM.wav,/trumpet/eBoCeQtoFtM.mp4,574
/trumpet/R9VbtH2rw74.wav,/trumpet/R9VbtH2rw74.mp4,450
/acoustic_guitar/At63FPRHLAo.wav,/acoustic_guitar/At63FPRHLAo.mp4,1758
/clarinet/PNnZ8wScXjw.wav,/clarinet/PNnZ8wScXjw.mp4,317
/saxophone/lDCeAgGUwyc.wav,/saxophone/lDCeAgGUwyc.mp4,1530
/clarinet/FWW2Nf_mSis.wav,/clarinet/FWW2Nf_mSis.mp4,1849
/saxophone/NLGte2YC6Oc.wav,/saxophone/NLGte2YC6Oc.mp4,1155
/cello/FntHqAlD1S0.wav,/cello/FntHqAlD1S0.mp4,1115
/saxophone/LqyX7bRrMTw.wav,/saxophone/LqyX7bRrMTw.mp4,852
/accordion/t_3Zm1PbydA.wav,/accordion/t_3Zm1PbydA.mp4,1875
/acoustic_guitar/HGlIImajcRI.wav,/acoustic_guitar/HGlIImajcRI.mp4,1570
/clarinet/MqB8Ux4DsIM.wav,/clarinet/MqB8Ux4DsIM.mp4,170
/tuba/8YNdpTm2vsc.wav,/tuba/8YNdpTm2vsc.mp4,1891
/trumpet/Uf8tQZn-3EI.wav,/trumpet/Uf8tQZn-3EI.mp4,387
/cello/MvkJvZSOmjY.wav,/cello/MvkJvZSOmjY.mp4,367
/trumpet/S3G9BjzPKXo.wav,/trumpet/S3G9BjzPKXo.mp4,342
/erhu/XvnFhocZ6qM.wav,/erhu/XvnFhocZ6qM.mp4,1697
/trumpet/6G78knF3eFk.wav,/trumpet/6G78knF3eFk.mp4,380
/violin/CaeZoHNHul0.wav,/violin/CaeZoHNHul0.mp4,1397
/acoustic_guitar/PA8DVnECfh0.wav,/acoustic_guitar/PA8DVnECfh0.mp4,1510
/flute/9L4BvIDqhm8.wav,/flute/9L4BvIDqhm8.mp4,847
/flute/7Zudy1bw7bw.wav,/flute/7Zudy1bw7bw.mp4,1521
/cello/1Ju4S0qeDqw.wav,/cello/1Ju4S0qeDqw.mp4,1376
/accordion/-DlGdZNAsxA.wav,/accordion/-DlGdZNAsxA.mp4,1530
/saxophone/e73x3LGeb_Q.wav,/saxophone/e73x3LGeb_Q.mp4,1012
/acoustic_guitar/44FPny8k4DM.wav,/acoustic_guitar/44FPny8k4DM.mp4,1902
/accordion/iB17xqmFw3A.wav,/accordion/iB17xqmFw3A.mp4,1587
/accordion/qMFYRw0uZ_E.wav,/accordion/qMFYRw0uZ_E.mp4,1777
/trumpet/Ba4ajAm0VDI.wav,/trumpet/Ba4ajAm0VDI.mp4,573
/xylophone/c-Yr5qyCefA.wav,/xylophone/c-Yr5qyCefA.mp4,1224
/accordion/ZoE25YHTGDQ.wav,/accordion/ZoE25YHTGDQ.mp4,1021
/acoustic_guitar/DvbeXXoraro.wav,/acoustic_guitar/DvbeXXoraro.mp4,1161
/cello/IlDWk-x6Cag.wav,/cello/IlDWk-x6Cag.mp4,542
/trumpet/889Kxn_RYzo.wav,/trumpet/889Kxn_RYzo.mp4,195
/accordion/_jPFkOkNjuo.wav,/accordion/_jPFkOkNjuo.mp4,536
/accordion/q4kscRK91y4.wav,/accordion/q4kscRK91y4.mp4,941
/acoustic_guitar/Y-dpHbPGQWE.wav,/acoustic_guitar/Y-dpHbPGQWE.mp4,1873
/accordion/1mCi6eWXVbg.wav,/accordion/1mCi6eWXVbg.mp4,990
/trumpet/ENnSwgLc2B4.wav,/trumpet/ENnSwgLc2B4.mp4,304
/cello/FcO9w1mYEEs.wav,/cello/FcO9w1mYEEs.mp4,1648
/saxophone/P5pxcBdxa4E.wav,/saxophone/P5pxcBdxa4E.mp4,283
/clarinet/LPqBkF5NVSQ.wav,/clarinet/LPqBkF5NVSQ.mp4,1080
/cello/QZEkGj9m1qs.wav,/cello/QZEkGj9m1qs.mp4,774
/accordion/E6jlrR-M3tk.wav,/accordion/E6jlrR-M3tk.mp4,1211
/acoustic_guitar/8LU-kq19V3Y.wav,/acoustic_guitar/8LU-kq19V3Y.mp4,745
/flute/azUffG1Ao8U.wav,/flute/azUffG1Ao8U.mp4,1363
/cello/4Oy5VmaacaI.wav,/cello/4Oy5VmaacaI.mp4,1208
/flute/SMp2-xo1lZE.wav,/flute/SMp2-xo1lZE.mp4,459
/xylophone/Jd5heRezP5s.wav,/xylophone/Jd5heRezP5s.mp4,896
/erhu/-SzFwDekTGo.wav,/erhu/-SzFwDekTGo.mp4,1354
/cello/Mff3pp-Fj2w.wav,/cello/Mff3pp-Fj2w.mp4,802
/xylophone/apWmZcw_AMs.wav,/xylophone/apWmZcw_AMs.mp4,509
/tuba/Xm5a8vCHlFw.wav,/tuba/Xm5a8vCHlFw.mp4,451
/acoustic_guitar/1OsOEt5Qpfc.wav,/acoustic_guitar/1OsOEt5Qpfc.mp4,1251
/cello/VlIcqDWmPkw.wav,/cello/VlIcqDWmPkw.mp4,1512
/violin/rxr5tTH8_mM.wav,/violin/rxr5tTH8_mM.mp4,1826
/cello/EvBzKBdfZxA.wav,/cello/EvBzKBdfZxA.mp4,491
/violin/bapfkDpaSGw.wav,/violin/bapfkDpaSGw.mp4,875
/erhu/GgZOTwwD39Y.wav,/erhu/GgZOTwwD39Y.mp4,1851
/flute/D5gWhSH7jRU.wav,/flute/D5gWhSH7jRU.mp4,895
/violin/-_jlqeSs6ZU.wav,/violin/-_jlqeSs6ZU.mp4,615
/erhu/PFX2WTY9gWI.wav,/erhu/PFX2WTY9gWI.mp4,890
/acoustic_guitar/PDohhCaNf98.wav,/acoustic_guitar/PDohhCaNf98.mp4,1828
/acoustic_guitar/Eaq914E77oY.wav,/acoustic_guitar/Eaq914E77oY.mp4,1131
/flute/qb-ttddKLYo.wav,/flute/qb-ttddKLYo.mp4,170
/accordion/XZ1rUpbdu-Y.wav,/accordion/XZ1rUpbdu-Y.mp4,420
/flute/1fhZ3iBeK2g.wav,/flute/1fhZ3iBeK2g.mp4,942
/acoustic_guitar/9ygrq7in_uI.wav,/acoustic_guitar/9ygrq7in_uI.mp4,1651
/cello/-Gdh8N_KpLY.wav,/cello/-Gdh8N_KpLY.mp4,1679
/flute/cZoWhKTZTYY.wav,/flute/cZoWhKTZTYY.mp4,472
/violin/YK94q0Fwquc.wav,/violin/YK94q0Fwquc.mp4,299
/clarinet/23DDVbzSig8.wav,/clarinet/23DDVbzSig8.mp4,523
/saxophone/fH4pDr8CqI8.wav,/saxophone/fH4pDr8CqI8.mp4,1173
/flute/KgebjbW1mGk.wav,/flute/KgebjbW1mGk.mp4,667
/tuba/ZtVxXYObmOQ.wav,/tuba/ZtVxXYObmOQ.mp4,1709
/saxophone/OxA5Z_5-w0E.wav,/saxophone/OxA5Z_5-w0E.mp4,1431
/clarinet/82pGU0POQSM.wav,/clarinet/82pGU0POQSM.mp4,728
/erhu/2D2ALfuqDpk.wav,/erhu/2D2ALfuqDpk.mp4,683
/trumpet/I2QXo4mGeRE.wav,/trumpet/I2QXo4mGeRE.mp4,214
/acoustic_guitar/ZANyOBEWiJA.wav,/acoustic_guitar/ZANyOBEWiJA.mp4,1585
/cello/YmKMEpt9OjQ.wav,/cello/YmKMEpt9OjQ.mp4,1672
/acoustic_guitar/7SPnwtQkUb4.wav,/acoustic_guitar/7SPnwtQkUb4.mp4,1831
/clarinet/_O1mTqCSo6E.wav,/clarinet/_O1mTqCSo6E.mp4,934
/clarinet/ZYMb7ZJkJgc.wav,/clarinet/ZYMb7ZJkJgc.mp4,1072
/trumpet/g1sNdUDTfJQ.wav,/trumpet/g1sNdUDTfJQ.mp4,555
/violin/kuNep98Fd8o.wav,/violin/kuNep98Fd8o.mp4,1376
/trumpet/ZRpsKMe5dSg.wav,/trumpet/ZRpsKMe5dSg.mp4,882
/tuba/4AsWvRTLPWI.wav,/tuba/4AsWvRTLPWI.mp4,300
/cello/7RRqeIUqXPs.wav,/cello/7RRqeIUqXPs.mp4,1533
/clarinet/DS500VD8YDg.wav,/clarinet/DS500VD8YDg.mp4,1650
/accordion/6hQHOZNwfRs.wav,/accordion/6hQHOZNwfRs.mp4,1305
/xylophone/Xx0Haa8Fk2o.wav,/xylophone/Xx0Haa8Fk2o.mp4,1764
/erhu/TWrh_c9YRp8.wav,/erhu/TWrh_c9YRp8.mp4,1124
/violin/cMYr693e3Eo.wav,/violin/cMYr693e3Eo.mp4,466
/accordion/Q-Jkk6mJ8AI.wav,/accordion/Q-Jkk6mJ8AI.mp4,820
/clarinet/cZ9-NYYmhXw.wav,/clarinet/cZ9-NYYmhXw.mp4,1438
/trumpet/2gk-IN35s5I.wav,/trumpet/2gk-IN35s5I.mp4,817
/erhu/-5MipMQ25cU.wav,/erhu/-5MipMQ25cU.mp4,984
/tuba/HQveyGmUBSs.wav,/tuba/HQveyGmUBSs.mp4,1109
/xylophone/Lp9rAMPaqLQ.wav,/xylophone/Lp9rAMPaqLQ.mp4,1736
/tuba/9RSYp7jWRfY.wav,/tuba/9RSYp7jWRfY.mp4,159
/trumpet/-dGfOlFsY20.wav,/trumpet/-dGfOlFsY20.mp4,531
/accordion/UYp3dKioAao.wav,/accordion/UYp3dKioAao.mp4,1266
/acoustic_guitar/OBbmnUIJQDQ.wav,/acoustic_guitar/OBbmnUIJQDQ.mp4,809
/clarinet/RqPkcu-xidI.wav,/clarinet/RqPkcu-xidI.mp4,1798
/cello/IcV9yqQOqkw.wav,/cello/IcV9yqQOqkw.mp4,841
/acoustic_guitar/KOt3oARDH9I.wav,/acoustic_guitar/KOt3oARDH9I.mp4,1115
/violin/WjwOm5pJlI0.wav,/violin/WjwOm5pJlI0.mp4,811
/acoustic_guitar/DeQHA0xP2zk.wav,/acoustic_guitar/DeQHA0xP2zk.mp4,1638
/flute/WNeHlya4VnQ.wav,/flute/WNeHlya4VnQ.mp4,740
/erhu/ZMM_u1Bk0SI.wav,/erhu/ZMM_u1Bk0SI.mp4,542
/violin/MfzC4e3nD4I.wav,/violin/MfzC4e3nD4I.mp4,1394
/flute/BhXj3rVWGZ0.wav,/flute/BhXj3rVWGZ0.mp4,1146
/acoustic_guitar/S2IWw6z-cfc.wav,/acoustic_guitar/S2IWw6z-cfc.mp4,1637
/erhu/HGqEtp1wpyc.wav,/erhu/HGqEtp1wpyc.mp4,1097
/tuba/AKNt1SF-5VA.wav,/tuba/AKNt1SF-5VA.mp4,783
/cello/Rj5XJO5T8PY.wav,/cello/Rj5XJO5T8PY.mp4,1044
/violin/-5CDUnGu3jA.wav,/violin/-5CDUnGu3jA.mp4,1659
/cello/S86qStDAz3A.wav,/cello/S86qStDAz3A.mp4,976
/acoustic_guitar/1XfdURNeY6s.wav,/acoustic_guitar/1XfdURNeY6s.mp4,1652
/xylophone/PF9PrzmkR2Q.wav,/xylophone/PF9PrzmkR2Q.mp4,693
/accordion/PMDSfAZ4-eo.wav,/accordion/PMDSfAZ4-eo.mp4,1834
/tuba/UNFwNbFdiTI.wav,/tuba/UNFwNbFdiTI.mp4,705
/trumpet/jl4iDbOsrJM.wav,/trumpet/jl4iDbOsrJM.mp4,492
/tuba/Gufj4Jhk92I.wav,/tuba/Gufj4Jhk92I.mp4,533
/erhu/V9rjOI5YEDE.wav,/erhu/V9rjOI5YEDE.mp4,954
/flute/f1a-JF06840.wav,/flute/f1a-JF06840.mp4,1307
/erhu/GtQixP8bAk8.wav,/erhu/GtQixP8bAk8.mp4,1029
/clarinet/U6iN9QcIp7I.wav,/clarinet/U6iN9QcIp7I.mp4,661
/accordion/1oz3h9doX_g.wav,/accordion/1oz3h9doX_g.mp4,1106
/violin/vYr0vft28Tg.wav,/violin/vYr0vft28Tg.mp4,1329
/tuba/_idF1Hf3-CI.wav,/tuba/_idF1Hf3-CI.mp4,1802
/cello/U2s_4d0ZLT8.wav,/cello/U2s_4d0ZLT8.mp4,1482
/tuba/-X4loU7hcpw.wav,/tuba/-X4loU7hcpw.mp4,354
/violin/85KcVDCQLfc.wav,/violin/85KcVDCQLfc.mp4,1279
/tuba/C3s60zFIPTs.wav,/tuba/C3s60zFIPTs.mp4,1336
/violin/8mDNLCo1McQ.wav,/violin/8mDNLCo1McQ.mp4,883
/saxophone/QOYMhOXfGMw.wav,/saxophone/QOYMhOXfGMw.mp4,1506
/erhu/EJ-dXyKrSKA.wav,/erhu/EJ-dXyKrSKA.mp4,1234
/acoustic_guitar/5awjINljUoo.wav,/acoustic_guitar/5awjINljUoo.mp4,1231
/violin/ZFuLPm6-kVw.wav,/violin/ZFuLPm6-kVw.mp4,291
/cello/_Nr58vTAIkw.wav,/cello/_Nr58vTAIkw.mp4,1294
/cello/SyToSKUxgKs.wav,/cello/SyToSKUxgKs.mp4,1370
/xylophone/NdzCe7COROw.wav,/xylophone/NdzCe7COROw.mp4,1762
/erhu/Lv2vc_8CZLc.wav,/erhu/Lv2vc_8CZLc.mp4,1289
/violin/HyD1g1KDoEE.wav,/violin/HyD1g1KDoEE.mp4,1761
/trumpet/nZ4HNz9xvSw.wav,/trumpet/nZ4HNz9xvSw.mp4,581
/accordion/c7Jyu_OiEB0.wav,/accordion/c7Jyu_OiEB0.mp4,685
/trumpet/STKXyBGSGyE.wav,/trumpet/STKXyBGSGyE.mp4,494
/violin/2ZxAVUsuE4Y.wav,/violin/2ZxAVUsuE4Y.mp4,753
/tuba/ALMOnRonTPM.wav,/tuba/ALMOnRonTPM.mp4,197
/cello/97UEABGyyw8.wav,/cello/97UEABGyyw8.mp4,1017
/accordion/2gyrqiqTuiM.wav,/accordion/2gyrqiqTuiM.mp4,1673
/clarinet/0IRJ75zgcAY.wav,/clarinet/0IRJ75zgcAY.mp4,1423
/tuba/JRPtROMynA8.wav,/tuba/JRPtROMynA8.mp4,505
/flute/3wPouBFa9U0.wav,/flute/3wPouBFa9U0.mp4,738
/xylophone/fhf2cx9t4vY.wav,/xylophone/fhf2cx9t4vY.mp4,169
/tuba/aerJoJj--HU.wav,/tuba/aerJoJj--HU.mp4,1160
/flute/XlPvAkLT3Yw.wav,/flute/XlPvAkLT3Yw.mp4,1635
/cello/TBngVoy_GrE.wav,/cello/TBngVoy_GrE.mp4,879
/acoustic_guitar/MVZGmcXU2D8.wav,/acoustic_guitar/MVZGmcXU2D8.mp4,1646
/acoustic_guitar/IPsA3sz934M.wav,/acoustic_guitar/IPsA3sz934M.mp4,1531
/flute/tAuYNf2hqHU.wav,/flute/tAuYNf2hqHU.mp4,812
/xylophone/0o22Fy2Hr3s.wav,/xylophone/0o22Fy2Hr3s.mp4,1819
/clarinet/EXKxvMVayRk.wav,/clarinet/EXKxvMVayRk.mp4,742
/clarinet/b9hVMnMfLoA.wav,/clarinet/b9hVMnMfLoA.mp4,193
/erhu/BB6a5BPpbFs.wav,/erhu/BB6a5BPpbFs.mp4,1422
/flute/QAiwlq3aP2U.wav,/flute/QAiwlq3aP2U.mp4,1117
/clarinet/KZgthaW2mKY.wav,/clarinet/KZgthaW2mKY.mp4,884
/violin/H-j5lp2QjEE.wav,/violin/H-j5lp2QjEE.mp4,830
/trumpet/2V12S02E2Jc.wav,/trumpet/2V12S02E2Jc.mp4,638
/tuba/BabDKZLYlyE.wav,/tuba/BabDKZLYlyE.mp4,286
/flute/hYepU4PQFAo.wav,/flute/hYepU4PQFAo.mp4,461
/violin/9kwbEUqCNbU.wav,/violin/9kwbEUqCNbU.mp4,1002
/violin/BMhnTdy-A0M.wav,/violin/BMhnTdy-A0M.mp4,379
/flute/B0xFpw9qvD4.wav,/flute/B0xFpw9qvD4.mp4,657
/erhu/0nYRMqKixAU.wav,/erhu/0nYRMqKixAU.mp4,700
/cello/-3V-vUMkHqk.wav,/cello/-3V-vUMkHqk.mp4,171
/clarinet/eIqVZuyPu2U.wav,/clarinet/eIqVZuyPu2U.mp4,480
/trumpet/7q1E1pueAU4.wav,/trumpet/7q1E1pueAU4.mp4,245
/accordion/YhwsPeOGnGg.wav,/accordion/YhwsPeOGnGg.mp4,935
/tuba/GV2bbRPFhvk.wav,/tuba/GV2bbRPFhvk.mp4,330
/accordion/Y5EwbTgIswk.wav,/accordion/Y5EwbTgIswk.mp4,1622
/accordion/cFskXS823Kk.wav,/accordion/cFskXS823Kk.mp4,1075
/violin/KG-tXicVpsg.wav,/violin/KG-tXicVpsg.mp4,1337
/erhu/P6mSuuTzYxk.wav,/erhu/P6mSuuTzYxk.mp4,1342
/clarinet/aTYc-hHt4us.wav,/clarinet/aTYc-hHt4us.mp4,827
/violin/-L5Bo-mWKCI.wav,/violin/-L5Bo-mWKCI.mp4,386
/xylophone/McMd-s4XpZk.wav,/xylophone/McMd-s4XpZk.mp4,609
/acoustic_guitar/26HLgXWF-Co.wav,/acoustic_guitar/26HLgXWF-Co.mp4,1265
/accordion/9tiymgwLnKE.wav,/accordion/9tiymgwLnKE.mp4,1112
/clarinet/GQGBzVaDTmM.wav,/clarinet/GQGBzVaDTmM.mp4,690
/violin/TOLoplXKr7U.wav,/violin/TOLoplXKr7U.mp4,1093
/tuba/8sgzGhxw-tM.wav,/tuba/8sgzGhxw-tM.mp4,1030
/acoustic_guitar/ZeQPNWdFs_4.wav,/acoustic_guitar/ZeQPNWdFs_4.mp4,1686
/cello/2ARPm0djKIk.wav,/cello/2ARPm0djKIk.mp4,1758
/trumpet/iqyw0xR5Wf0.wav,/trumpet/iqyw0xR5Wf0.mp4,965
/erhu/REiXxfSu3Fw.wav,/erhu/REiXxfSu3Fw.mp4,1182
/violin/ySFS1KgXerA.wav,/violin/ySFS1KgXerA.mp4,1526
/accordion/OIBq0bBziuw.wav,/accordion/OIBq0bBziuw.mp4,1184
/flute/cyUUlWSEujk.wav,/flute/cyUUlWSEujk.mp4,322
/violin/9g20WQ0WHn0.wav,/violin/9g20WQ0WHn0.mp4,896
/xylophone/R1sba2e-tqE.wav,/xylophone/R1sba2e-tqE.mp4,599
/xylophone/fhzqzm0dYuE.wav,/xylophone/fhzqzm0dYuE.mp4,1259
/erhu/SVZNEDEIK48.wav,/erhu/SVZNEDEIK48.mp4,592
/violin/10RkjPIguAY.wav,/violin/10RkjPIguAY.mp4,1126
/erhu/C7K9dQHlViM.wav,/erhu/C7K9dQHlViM.mp4,1131
/xylophone/DGn7xcsxMPk.wav,/xylophone/DGn7xcsxMPk.mp4,1033
/violin/K1LRscO7TSw.wav,/violin/K1LRscO7TSw.mp4,1565
/flute/GouIcBwgP_U.wav,/flute/GouIcBwgP_U.mp4,1427
/cello/Rr1UkDkhDlA.wav,/cello/Rr1UkDkhDlA.mp4,1258
/cello/WVeheJFHQS4.wav,/cello/WVeheJFHQS4.mp4,1663
/violin/nyOkMXal0yA.wav,/violin/nyOkMXal0yA.mp4,1391
/xylophone/KSwJUA3zbec.wav,/xylophone/KSwJUA3zbec.mp4,241
/erhu/Us9dxgfBfeo.wav,/erhu/Us9dxgfBfeo.mp4,1378
/cello/ZcKsPFZG4_0.wav,/cello/ZcKsPFZG4_0.mp4,1093
/violin/ICKS19qRRd4.wav,/violin/ICKS19qRRd4.mp4,1005
/accordion/7C-udYVfjoY.wav,/accordion/7C-udYVfjoY.mp4,1040
/trumpet/zhaLSfnahL0.wav,/trumpet/zhaLSfnahL0.mp4,474
/flute/Wt40rzyGSBs.wav,/flute/Wt40rzyGSBs.mp4,876
/cello/NhkPpOvrtz0.wav,/cello/NhkPpOvrtz0.mp4,1170
/trumpet/_AtTFfgZvEk.wav,/trumpet/_AtTFfgZvEk.mp4,603
/xylophone/2kBkI6f1X_s.wav,/xylophone/2kBkI6f1X_s.mp4,783
/xylophone/loCRmBvtHZ4.wav,/xylophone/loCRmBvtHZ4.mp4,1183
/flute/uJnD0NCyJoc.wav,/flute/uJnD0NCyJoc.mp4,1679
/acoustic_guitar/9SZLDvRaHEA.wav,/acoustic_guitar/9SZLDvRaHEA.mp4,1037
/acoustic_guitar/MhNjhYrEbrc.wav,/acoustic_guitar/MhNjhYrEbrc.mp4,1493
/tuba/NDVxjRCWjYU.wav,/tuba/NDVxjRCWjYU.mp4,1667
/xylophone/oQJVBH6ST7o.wav,/xylophone/oQJVBH6ST7o.mp4,1571
/clarinet/WnUAJsk97k4.wav,/clarinet/WnUAJsk97k4.mp4,1022
/xylophone/lVpWbUIW0gY.wav,/xylophone/lVpWbUIW0gY.mp4,768
/xylophone/-0gYWIOfqdM.wav,/xylophone/-0gYWIOfqdM.mp4,689
/trumpet/aCi1P8Rymo4.wav,/trumpet/aCi1P8Rymo4.mp4,707
/flute/sybsjsj1zPo.wav,/flute/sybsjsj1zPo.mp4,1704
/xylophone/5lm9laLSORc.wav,/xylophone/5lm9laLSORc.mp4,1453
/trumpet/eCQO6k5Qrmg.wav,/trumpet/eCQO6k5Qrmg.mp4,510
/clarinet/JnAAzR4XZ-I.wav,/clarinet/JnAAzR4XZ-I.mp4,357
/accordion/Ct-SQmiA31s.wav,/accordion/Ct-SQmiA31s.mp4,167
/xylophone/Z36VEiqi02Y.wav,/xylophone/Z36VEiqi02Y.mp4,1496
/violin/9dOqmTMqp1k.wav,/violin/9dOqmTMqp1k.mp4,788
